threshold_db,ratio,knee_db,attack_ms,release_ms,basic_mean_margin_gain_db,basic_stoi_gain,basic_masked_reduction_pp,advanced_mean_margin_gain_db,advanced_stoi_gain,advanced_masked_reduction_pp
-43.01012308078701,4.825390665242152,17.827872998442537,5.216579331521824,216.88425215605383,6.158343728016889,0.1667577903438734,18.774744172742388,5.883582738203146,0.1009162800848522,11.782071081498408
-29.739522775374876,2.90060625066164,4.902689133467062,36.15444863997797,358.5770668719937,0.2684892372697103,0.0075165713857577865,0.6919291422547786,0.2875472695014718,0.007311132667341291,0.4832901504150726
-46.87147034035537,8.822449951895738,3.5309447423612808,11.953693618994587,39.43005208891228,5.044699682747096,0.15175640032204318,13.970043099881408,4.803754639913004,0.11062574638805661,9.113314039350108
-55.990880526299215,5.655720586207308,23.489367717069996,8.02892145144727,311.5993505666723,6.68083680528709,0.1736397492285071,20.65634434873843,6.349959449492204,0.09446438785193828,12.881493587762542
-23.676793701671713,6.879730585417923,6.254064948290447,29.524741301104243,348.48428542223945,0.008948158149665986,0.0003449723854312414,0.026191707019535215,0.03522673088619044,0.00224382220384417,0.02088777670513764
-19.003496514595646,7.880657429366405,20.61897419242213,25.348796297773806,128.80882795535734,0.00818089342387296,0.0002741319003139453,0.01806991789506185,0.03393262156020427,0.0021692390637437775,0.01154144344729957
-39.62560021096257,3.035523345486184,4.643603828093687,20.236949488085827,236.83137583430386,4.153905706253854,0.1160350505981203,12.20037507896248,3.979983019672531,0.07656931169474962,8.186748930720782
-32.4391559416308,2.6679133440929697,18.49166163541155,1.7576288379301337,296.1094136404129,4.273438868627423,0.1150193273271109,12.470489557819668,4.082570514230516,0.07870183277442389,8.424525659898734
-49.44720761185276,6.288444706670168,5.423872751038921,31.073880691445602,104.87482550939647,5.746829957284708,0.16078382248904,17.212715687638912,5.4974434281949565,0.10041667930342929,10.942534431311337
-43.87600206029731,6.534128675564871,15.701602510113482,41.49115440610453,345.73788112456924,5.759448854914085,0.15345632088486377,17.485492293974026,5.487069868135883,0.08953547239760246,11.057331970803723
-58.48792289007909,8.638748414142329,5.862276298798974,15.04844616053981,67.84074312243986,6.530529384693102,0.17126161486628172,19.880743808129914,6.229684060856287,0.09640682808937906,12.38746349446589
-35.455812386058454,6.181984318158482,6.927004225942611,44.9629989418349,247.1295714411266,1.494522872857102,0.04117563231775595,4.274880431513353,1.436870258776466,0.028831142803560972,3.1039788458426756
-38.721458487903995,1.5899136449556674,14.12868666888903,26.710301119732296,167.17614076799552,1.7972949547089296,0.052353270430156196,5.457252710950051,1.7563365516256102,0.03831433692240732,3.8232629295438727
-46.18500669655272,3.6149347826732794,21.934103952929945,11.74979852212342,221.88094784183403,6.282644853634257,0.16756103563633956,19.264312308408222,6.003061550665501,0.09816301464472443,12.083135698898964
-50.9402511251684,1.7705501305668119,21.190366524831276,2.730739303851966,65.1568991631631,6.00143684173567,0.1686227784874919,17.882946260993386,5.727457070273046,0.10955357374739999,11.245040624032484
-35.87636246929847,9.270089061179664,7.362280072931091,42.594108490705544,249.64237361079125,1.8678467427226408,0.051730524574908066,5.4100462527829976,1.7760580428381534,0.035356737078906464,3.9174746496143626
-53.838023373875004,7.720914233555188,11.129270215360304,21.41636653849045,308.62738824418267,6.602553651900076,0.17263816586564734,20.281155843283756,6.289229840297912,0.09406800500431278,12.664332014691233
-18.07564020305154,9.707198910398604,14.658298929479333,19.46195365654707,388.5920597092144,0.005628578568666498,0.00021594357964721533,0.005878629784717759,0.032076918205854454,0.002134781926030782,0.008063277519539724
-28.20794216627906,9.371625536236785,18.985844987724466,36.88659919842545,230.50850812247612,0.5256482683912722,0.015409138127101929,1.7115438933744684,0.545685983896993,0.01273721762415786,1.2282040261147955
-26.929437378219866,2.7984918562059238,1.8779280387282715,26.364354215921896,255.8895777494237,0.06717010444145721,0.0015179888497372507,0.11240288011060784,0.07938537719708272,0.00310716259399918,0.09892703484787546
-41.443207780194385,3.421049787252173,8.03238241849943,45.13020715019923,188.88149312985996,3.420923396468444,0.09570442740536111,10.091007997323644,3.269877703990641,0.06305025421035171,6.846462105420777
-22.80218775889356,9.583608544635556,0.3493240503143237,40.10553685708957,317.1402217862668,0.0,0.0,0.0,0.02652066351399185,0.0019701292148646687,0.004330116932209194
-37.702852083460236,6.735598227984811,19.533140820407688,13.172364822436942,208.65652684966184,4.721871121056857,0.13184368738907432,14.100884730015231,4.525737813581085,0.08733221587416257,9.146792810564264
-33.83955599863759,9.021051679928014,9.25465778114355,49.576548821020396,159.63245281066142,0.6837802064525196,0.01824102145555967,1.9910775371091063,0.6430063331927602,0.014794580743636876,1.4098104321884506
-44.5306422938867,5.299526077735681,8.599466725852853,24.112508745872802,141.2837322786496,5.196796001703522,0.14716819961296712,15.395853168730518,4.942441281551863,0.09584275824160193,9.977977699764068
-25.97495228816539,9.943923593903426,12.410628389344298,3.838665091631899,334.7339012514494,1.6834095976686712,0.04285393132762194,4.614560354349564,1.5761662051290166,0.031645238705356016,3.2804475487889277
-29.903298093570985,5.422729579875945,10.76109065294381,6.54006759155586,114.30904226474124,1.4316778846934213,0.03716244019527715,3.7512393735908915,1.3558973110664194,0.02969251661742478,2.791703589147403
-56.65915525166495,4.567044933748954,16.568494350267407,46.292919477294724,292.9712520005895,6.576182999595643,0.17227884364249846,20.267032210014676,6.274902996031643,0.09337333160730055,12.647968265296598
-50.32879299790405,7.366579810959732,17.30984330161201,4.3597065086714455,84.80148055196715,6.372916882492926,0.17106050869168,19.29842873309891,6.085853586110713,0.101251605093167,12.115621822907542
-51.82425955699719,8.073633270451767,22.31007724681366,17.229866768901054,95.83574819290948,6.36349664373893,0.16986158124274842,19.392850199275145,6.0804768114277525,0.09911837259458295,12.14628990520454
-34.65408521632326,8.65765266878724,12.892680437280667,37.69704457933173,368.7748243673706,2.4093478310307024,0.06622434713862263,7.185421613172963,2.3531226136236096,0.04336139097308028,4.898539830441251
-48.80468167815344,4.002190256747369,10.243477135347888,32.62754527799886,29.358279061425804,4.11836600609206,0.12175568611955939,11.244794331541577,3.9125362492580162,0.08912788590013387,7.696807572984369
-19.77050239460295,2.3642779863266066,17.169497284370458,29.383335694947345,274.1831212326247,0.00589501790910596,0.00022094765431102115,0.007409700666471508,0.03227781937065188,0.0021404089617774735,0.009763045783302005
-57.79157471844445,7.138935743667489,0.5720392934091352,22.24920388503374,141.95796459746992,6.56728631275411,0.17154050341637211,20.136588407696344,6.264971290048571,0.0944875641304681,12.611470236995387
-59.4043709840377,2.2624402880306085,4.19713675652755,38.30267730135201,269.5489805863767,6.592373502879755,0.17244261467800182,20.29816771262204,6.279577889810035,0.0937220178629955,12.653738213763539
-39.87772492028955,2.1060334997994836,9.603659729253199,40.30615627907018,280.3105790521272,2.8924606932139785,0.07998889873658871,8.694369009679761,2.789588861753762,0.05254825895480669,5.790434357096636
-22.10826569233796,4.918114071251363,20.870947987014503,34.010389529205824,173.7327055159565,0.040462498195960706,0.0013990053251727308,0.11261302092140113,0.07482806751052351,0.0030284137723229354,0.07997045199510922
-27.79579546106092,5.176478186091469,2.3546559993304728,34.56814618087796,398.0053000789862,0.12285562602080802,0.0030960440943665346,0.2722829773017281,0.1458585448951304,0.004302987137117353,0.2191943397067604
-45.666923046448375,4.5190350022490335,11.941076192442488,9.985509581317592,155.63503919365385,6.007005071878393,0.16530434227971175,18.092418646135364,5.728669670021495,0.10232847947624674,11.470167970806479
-24.0305853788525,3.7781049254414567,2.940210220398017,9.627494027599719,382.4415400859593,0.2100696004563094,0.0037281861436234687,0.31101270849805474,0.1849122937163834,0.004591372424593343,0.2487475208815937
-25.373020064122585,4.054789507569636,19.919644230622875,48.87898044749978,80.69408421341767,0.0253552763699183,0.0009228814318552603,0.07328639707250773,0.050453405638833715,0.0026751156505444573,0.0428811350936229
-55.152911065199035,4.3675902229762915,2.5547238366658287,23.42060414546404,198.55189251968318,6.533896386141776,0.17093033815872732,20.081306376804726,6.2335660284354075,0.0942828061377628,12.5457527739471
-42.103180445940026,7.521210176432447,13.344107687203172,7.071957964341382,181.7629058149199,5.837547442136932,0.16199527962961074,17.45113264259794,5.5658682715660275,0.10250811448316172,11.15459264978616
-32.06074656328906,8.277720182235257,9.060598174247835,15.770988700013621,47.37840572693045,0.6548039362954459,0.015761313513940833,1.6349535827814208,0.6261796838892,0.013600011660059141,1.170349358836873
-47.65279690109599,5.836940712290239,15.041825177873479,31.42348920809397,329.4230086756964,6.33748811647889,0.1669123429377829,19.403820645921684,6.045293162892181,0.09387467012570144,12.083049192965845
-53.2168390806221,8.465773886464335,23.733504939683126,43.49870439055254,102.79517973149427,6.288827717695802,0.16773394621757015,19.252028726565378,6.019065375521914,0.09676766136980475,12.042745892932444
-36.59788526153369,6.018750565716228,13.456208682171273,14.135878297830315,20.509023515838393,1.3975926543598494,0.03539592803742453,3.493630106653505,1.318605925733161,0.028488173755095714,2.524628502999235
-21.195663169114894,3.2905451277356006,22.66331354435895,28.42251995170255,376.3705056245804,0.1273972420565439,0.003504152907610525,0.3402771385713095,0.1564699929135962,0.004458638923284686,0.21592943663596031
-31.296720036501497,1.8745410949847225,16.20833244385611,18.11984580121293,121.79427976267992,0.6606247853478759,0.020151795268028072,2.2004569161167495,0.6685034070683944,0.016986562560420804,1.4781098463631963
-54.84890072117185,7.0074717832524165,1.2419656467486333,47.67329963746096,54.76329614356133,5.847194311164132,0.16323880853200756,17.53871472854317,5.58128332729343,0.1010573880119286,11.070456545339908
