threshold_db,ratio,knee_db,attack_ms,release_ms,num_peaks,bandwidth_octaves,mean_margin_gain_db,stoi_gain,masked_reduction_pp
-24.2050615403935,6.477695332621076,3.393936499221268,11.43828966576091,243.84212607802692,3.0,0.45443498177138114,0.0008566619047609692,8.014904975023329e-05,0.03457545874132251
-23.790147008216323,8.714110341222579,2.0519073749050643,49.32830896812603,24.078293042375314,5.0,0.17550091627580222,4.952414798253812e-07,3.860271239664037e-06,0.0
-42.546233963507476,6.410684708648294,17.8668996511162,34.28872954450895,142.2550015464282,1.0,3.891055534266628,1.258220203037796,0.03770009287924325,5.980775944808357
-53.00890090661454,8.557490667926434,5.305650930882672,15.808592086433858,201.66037291016252,5.0,2.6552697512514043,1.4494339871290585,0.03795792554109917,8.430542396079076
-58.384801586668374,5.436940838974391,5.581257082582124,34.33592023110724,341.76186363907505,4.0,2.5989525454546056,1.9637351758570762,0.04500744877190421,9.89122797223498
-31.939577970815396,8.373956672046484,23.405830817705777,13.628814418965067,283.45470682020647,5.0,2.0316092112557156,0.7717847423930788,0.01605901970280088,2.1446019088578865
-43.91411134284094,8.188448835482527,10.600257647665153,18.245665464826565,292.12758215968535,6.0,0.2600414275929885,0.14998389925875344,0.007488521161653383,1.235937088755506
-57.53869604311591,4.883007802789616,5.278233055259758,31.974407055023953,275.8735667449503,4.0,1.1251612032746323,1.3857633215214378,0.030040868262091125,6.039097298483867
-18.6127446257261,3.9166569983440045,12.926448720449361,39.65388026396737,97.26006874519622,5.0,1.212673173793993,1.56867049270204e-05,8.63745491080925e-06,0.0
-41.42129952011473,9.69104894279995,0.34714094384208105,46.295988491234745,387.4449896273621,5.0,3.824749663125322,2.319840293842951,0.04640889946893867,7.275272703302086
-29.850125562584203,4.440275065283405,8.43518326241564,19.995369651925984,122.37844958158156,4.0,1.499903046568216,0.07477047063719411,0.0027831344273851477,0.24239192756828487
-39.6980049361853,3.2376522670509913,7.251864429814461,9.98448636523958,140.05572992652773,5.0,1.9394045696636457,0.7959380392685347,0.017160393613016856,2.4412203786220843
-48.66953907071622,2.8523459318340705,8.226633755856852,43.40368015717682,228.3871672396723,2.0,2.33498367194283,0.6225842963052806,0.02303486147572681,4.811277354377374
-34.252454557532644,2.9070767165762073,13.828554905736844,16.53225907631754,74.60492614614822,2.0,0.5205378281870141,0.01852881790312466,0.001602619208924294,0.21546376550430324
-27.709562478890618,9.153238698513292,23.061940634230176,35.44714350443273,148.1896941464538,4.0,1.5597393392933512,0.0761664174125638,0.0033736704859909095,0.45442126558398144
-46.44109387944678,8.516804272317778,19.134662025157162,48.48276842854479,309.1701108931334,3.0,3.0835066470905885,1.2282144343726422,0.04001377807346457,7.25166876870108
-21.068501782143272,9.780766336639939,20.597574532094583,21.650259000794737,112.11762578662619,4.0,2.995432324928884,0.010758272323061036,0.0008707877580327872,0.08818283285180684
-50.60346971309502,2.3853516726424173,11.364036815626843,46.038622282641455,318.61993187175165,3.0,3.980487362639842,3.671259824965002,0.06979255559966857,10.641547767989387
-28.63854170917977,6.672715443946386,16.29518328774659,11.002054159632921,327.15174671955987,6.0,1.8440480849818346,0.1810787418790767,0.006441407584389602,0.676830771135954
-51.32568531790463,9.09977218322408,0.9545270709528726,8.370305985511692,170.167246939617,1.0,3.6412321650030637,2.1123021625884366,0.05985012640528542,10.249273559519004
-36.264396498952024,9.448289905479864,2.894921650806004,17.379853254335725,44.80074027598357,6.0,2.130403024604969,0.6040917945038622,0.009917883870939226,1.3294869443541586
-58.95868240903805,2.227692525874071,11.034813100828721,12.845116957144764,160.9945890670089,4.0,2.9116155723302075,1.5320930392838328,0.041282797765523516,8.578763307455006
-43.245601811276885,3.1428595920916162,19.852503891878637,31.54688290900097,21.037420465709847,2.0,0.40124423263474207,0.04052006836224109,0.002596851518616883,0.4563882430148567
-23.004724974957796,7.175431810773935,2.8710209865177165,27.188122289998173,117.39049532132273,2.0,3.21757406685346,0.0039070938246172915,0.00014940741939117874,0.0117169980309626
-42.91319833498554,3.4590035514190713,20.09017971884637,38.96762200667646,296.4273326558431,6.0,3.32199799120551,1.134503401365512,0.03426393278270584,5.861186789563504
-35.23886246014477,1.6330167498997419,16.8018298646266,2.0330781395350925,237.55528952606358,3.0,1.6342088577319347,0.13687725784687466,0.006478034583050352,0.9304124140960113
-47.19792051136231,3.428146030594383,20.694717016293364,4.105785981047797,330.1801006302799,5.0,1.6005018103517137,2.1281294314401284,0.04190176639596499,6.667487301782415
-37.4302334166876,4.310370882204628,18.902167061998632,46.99984861311837,260.0417718459254,5.0,1.1884189018277693,0.2751331632799978,0.008845314695373085,1.612462581367268
-52.691740772438756,5.675662226528815,23.952855680228502,33.677941400278954,100.64586161468353,3.0,0.9782207231450074,0.7889197213751622,0.02014787253049055,3.856227439639909
-39.900436951071526,5.068815415544803,9.064882552800274,5.835407113284605,256.82489704027114,6.0,2.004999967700985,1.4823376065467269,0.027941503652100463,4.131198486939475
-41.81159022297001,2.555605088216223,6.432053843601586,30.49597898217069,180.68145290745994,4.0,0.7558232188134861,0.11874153432940382,0.007353384358265935,1.2485068665606818
-33.171976597533146,3.971157183164447,9.264581233482014,48.872535141027335,90.34338062766417,5.0,2.3427528813466445,0.09829304640371639,0.0042343563096773895,0.49176056874610197
-18.96030741529046,9.496391283508478,15.8340337220673,30.127952959259858,93.59089457561187,1.0,3.7969565859159755,0.0052470454253636944,0.00015711749074037717,0.012611192375430846
-32.456028014112846,3.5428702874678293,22.41694978722375,15.242818621415896,351.34342852067067,6.0,1.7175018437545386,0.41582179401804176,0.011111385011180974,1.538233061485414
-45.30749144927034,7.695722760274912,1.4809371324281433,14.819559626720668,197.71596518052755,6.0,2.3960623750823498,1.3213608308530933,0.02985885086581086,6.112306104969285
-36.00445036058592,2.9787358916262083,22.220982823374314,12.57664981873048,360.38164807178066,2.0,3.096734120045783,0.5784151686583687,0.020875549088411216,3.5872548372870128
-55.990636690472044,6.068933637149135,4.98320103288058,13.86445300268071,229.69703869898913,1.0,3.5628709251502704,2.3586654853395412,0.06502367669040332,11.493014953096676
-40.929662138777715,1.9975752742436206,9.882080594290478,3.7879360097772032,300.6532866547097,4.0,1.4654614969519566,0.7784702999850861,0.01997764531711288,2.6592437173844274
-22.319582434581932,6.841942861408675,16.772282384720317,6.379637471995144,350.38949744517583,2.0,2.5363914136612267,0.02143561107086356,0.0014039066882940987,0.16379369440210922
-36.72828040276661,7.562139265222043,11.665528690360313,44.94418436249349,105.48280029931553,5.0,3.4923803007405225,0.5437530439214164,0.015078520446152988,2.0979614426577413
-47.418259526045375,4.799572635184296,10.263181230934943,12.147800087842215,185.02931592337745,4.0,1.98355446226286,2.233369895929396,0.03601037720089795,6.277597222248033
-44.19691793815302,3.3254809993590007,6.935598743303108,1.5716053086436057,217.40254490743257,5.0,2.2580850309075946,1.6120893187083212,0.028601581082695615,5.76085658463159
-46.07430147967106,5.248274482766153,20.884903036659217,36.86700731866594,397.037985345069,2.0,2.152229643994164,0.8304434514328847,0.02506403447798622,5.178609459820379
-20.156511927533522,7.744434216944451,14.0365865111543,49.57978964937995,177.8413624107446,6.0,1.4072372507861344,0.00021187773311837077,4.190396285352893e-05,0.013553873319480658
-40.371914593350354,3.103119685068914,0.125309454234301,6.675724209388506,307.91623422599025,4.0,3.867027498231863,2.6626331331090443,0.045526178707489595,7.04025909060784
-56.777548137053266,8.267745553223211,7.755421597090573,22.90453052746007,343.19433987848174,4.0,1.887504038082147,4.053794389116058,0.05821448078999131,10.012736225611128
-24.437911706101964,1.5394880428644497,18.51634548269433,47.23023220312555,263.94331105380115,5.0,1.249499753643929,0.004464374783260894,0.00027152722571827104,0.05887928196982273
-47.94102535795663,4.242534081203625,12.191422897649826,28.589548916878933,69.9292675403616,3.0,1.0922320002485943,0.33251941224868453,0.011263205778633656,2.409577926046488
-30.219940214256575,7.983314171596929,5.979721627482355,10.341389486876693,323.47784986585634,5.0,1.7563650750446387,0.21043642260729456,0.0053548115562133125,0.5440727652672308
-54.36934644187587,5.088476951106488,14.449172438644059,42.67644673921951,338.2371432554111,3.0,0.32274555669620614,0.18561894415269187,0.011004223101859556,2.0230495158045727
-21.61878959401013,2.7604402391521132,21.464411853246613,45.30950904812341,86.62925641867135,3.0,3.65382502609474,0.020567077208609064,0.000648779455244497,0.08256016336488159
-25.055682780935065,5.878166976676089,6.096097574034573,27.983694244511852,372.94501236369575,3.0,0.5600354940295247,0.0012433840171031108,0.00011588058399014667,0.03708328700912489
-19.956302579717025,7.414418294432817,21.894162860125956,21.251096607478793,315.1321765183527,5.0,2.863879980190709,0.011709432098042427,0.0009889606170132015,0.12153704095142359
-28.193624675182278,7.249043678489375,3.2845344047509766,7.29277029217375,133.43842318433968,5.0,0.8622027905306493,0.011596591212322593,0.0006696695405966624,0.07513813017632032
-30.76099432556651,5.177976714762423,1.787281664339304,40.23129140644916,203.2348543231443,2.0,2.681633800797507,0.05654006386931698,0.00332613457571157,0.3486418363340249
-20.934385248868217,2.1189903799396905,15.371713281599078,19.07194549716365,107.96797201907502,5.0,2.849684093705763,0.006089224768688339,0.000229037675737509,0.027874315627315127
-51.84706835998707,6.286681808966036,13.437047355386735,40.95738419869755,374.06348185745395,1.0,1.8093873507689573,0.6316778428818868,0.02001644587318907,4.944877906866182
-44.645771933368515,5.554336171727389,14.659573945076268,25.607165922638558,281.77976403821475,4.0,3.412271599039844,1.883236862787065,0.045727903477773335,7.529331479728135
-32.8192415439029,2.02386379072882,17.49445931235087,37.750438682067625,127.67039800279515,3.0,1.0339275912841268,0.020633432063839052,0.0017091506564503867,0.26362321210238093
-59.95675402753658,9.912535042227619,16.022201266070123,24.93991928116835,55.04828182536957,1.0,3.68752979002833,2.409820708094304,0.06384376763182742,10.987596781480995
-49.35563299651754,8.806926169607951,4.558696839809112,48.01468762066295,63.29748432493864,2.0,3.2005771635852183,1.0346580576998505,0.03159597834813621,5.737977773648666
-35.15675171402769,9.995135285086974,18.047768675125997,26.025380239215583,77.86598808340335,2.0,3.453399781363112,0.6226384509048195,0.014648895648629534,2.2798854114005564
-25.996863545809767,4.20284852058888,23.010018316966647,3.202779814805437,36.16828511235039,1.0,2.4258803215594034,0.048206546284125906,0.0025796669488583612,0.31066225307021966
-57.12518945682526,7.8975572071855105,21.31367004219146,9.687328211854279,211.10236215033103,2.0,1.329344027563906,1.0073306311074184,0.03523766417115676,6.033570396658192
-53.72289013229634,8.07761373755616,10.54983586762076,19.18676860143026,123.70360251661765,4.0,1.7053770202699443,2.142130408147241,0.03562373600520963,6.922854633286626
-26.897083956129734,5.326697689737894,15.249945445809963,22.17580033531271,66.98164829999045,1.0,3.9547673549407305,0.11258350280210117,0.003360357604566766,0.4036075805370416
-26.7973302704944,5.809385876236249,11.86127586820619,2.6171097871513576,51.73291401006783,1.0,0.36013665989815774,0.0033363159249724106,0.0002129049800910776,0.03342606519319702
-58.113508150147716,3.8456570767870346,9.486199504924171,44.0615834121631,152.49044048248348,3.0,2.9609641681514476,1.53948290582799,0.0446623041901032,8.812797373068847
-33.719719349746164,7.823066058501886,13.047689011819616,41.468212660673075,48.84662418417095,2.0,0.8167619031878443,0.01493855115356979,0.0019963730118129352,0.22656569781652536
-25.69315718275324,8.976934914086424,1.3395839894023536,7.627674989205817,395.342747100824,3.0,1.3706520099329393,0.012391809231630191,0.0005650762322541025,0.07738359409461992
-39.294840916066356,3.7399243790128973,4.163416066434953,40.04505506560622,58.807757556453375,4.0,3.0349589812903943,0.2898733663607729,0.011387621973490192,1.7250885589849645
-38.00292524199524,1.7243441265717283,7.556942581294378,5.049014212643711,164.83166903044992,3.0,0.06960649945526759,0.006380127971489458,0.00046186511579154876,0.06539747025982479
-23.258515548191042,8.402011015085074,9.764531833981392,30.96968264245092,192.9222617432338,2.0,3.7601536636906183,0.018209053758203808,0.0006594564467380937,0.09078305847710055
-25.493637148636573,6.765276727062915,3.7726532553279224,20.92627628015424,83.94262110827194,6.0,2.7461636436143593,0.002351892438834824,0.0005366749454462916,0.06468201705352783
-55.38616679429523,6.104690258915742,21.634428474342105,35.11759182913614,334.8162709835696,5.0,0.24277293404333672,0.243984261385922,0.011943442675283966,2.507958912605801
-50.073266131652865,4.648533519623418,17.041088526579927,37.37166860323625,364.6183462623011,3.0,0.7726364485633815,0.6981389940762064,0.021553323543133607,3.509141761240919
-18.162893511968733,5.950524466060176,13.677425365205838,29.3175617472849,173.80466444872442,2.0,2.7294466787188774,0.0008048490825700583,4.367584061532037e-05,0.002839145658533937
-52.3712478020311,8.810923694771894,23.626567337273173,16.75885583186796,381.0367776755602,2.0,2.2837942982764527,1.757400138385199,0.0402011291331682,8.100670733061818
-54.704880540653605,9.313195810890075,6.538720758529262,24.30744827661193,155.0165576500765,4.0,0.12185339723688071,0.08245986722774568,0.005573312742423953,1.0268981310455558
-31.820983521305607,9.656204827437186,19.624115451613513,8.206890928145882,253.73724933887394,4.0,1.057515045953899,0.08315317903321784,0.004602337972542059,0.8119478454142168
-28.955328440513888,6.239288266405264,11.07753878765699,23.717581536765554,268.33323360948975,5.0,0.6518653307479387,0.01238260356944032,0.0008869591362295481,0.14738727337282853
-41.96440556232301,9.033838287280727,22.6705134155372,4.75415632318431,157.3909802815087,4.0,0.6911392102163547,0.3094971191519136,0.011517601012490053,2.249487921317481
-56.577846517090094,2.647092723953203,14.901707461470874,36.48230926913688,233.36895766443183,2.0,2.084296730138006,1.3498887490580405,0.030527127464279435,6.277309191406985
-38.383192637221924,7.526076724148835,18.384347398391633,42.20050454044968,287.40283748661403,5.0,3.157115202393421,0.6700988008036308,0.024557098448787007,4.0321012989545295
-27.320473264058336,1.9228900337971213,4.5774094899590345,25.28037840915413,224.03136672480105,3.0,2.4987110789764255,0.015181179961784252,0.0010074398093964931,0.11707575022627736
-46.67676928477234,4.925242155415594,19.287895254463375,1.0089150857041576,40.44264070329943,4.0,0.6124234137542318,0.30620762944637825,0.008069138188716185,1.9606965573552841
-59.539397706224904,7.048740844528941,14.16882930634815,26.586817466338296,206.7061545346047,4.0,1.5220696666317455,3.4695422878044546,0.05819369275079589,9.375327756476636
-50.944837253801495,2.3029861767950415,0.5630154217242344,14.244790592814272,187.25860329055982,3.0,2.786016736851202,0.95890831173209,0.03129863574524089,6.252252681496941
-49.81499308593281,2.490548106788391,7.170271254032587,33.31993598945999,248.84609611538914,3.0,0.40607116330495036,0.12791375518095371,0.010591026964583306,1.654377181671535
-34.575288851601336,4.476877056778724,16.46122175947343,38.34109574622561,247.67768676521504,5.0,2.546318638414064,0.28857286587516207,0.010739955165806725,1.766590237228776
-48.62837470023236,9.335080437297519,20.391127025471718,36.097375852759704,35.01494580520737,6.0,3.341325427667634,1.3182907537982906,0.030992057754140878,5.917356844283049
-55.25956844245091,6.534233741966112,3.8722904284666413,44.24767858044651,377.95668794999483,3.0,0.1592358615575687,0.11824167173969435,0.005978603284917783,1.2296583813483863
-53.5411970648176,1.76705934910689,2.6389199700144816,29.657831622362988,367.02630788241527,2.0,0.9031464554766413,0.22401984511787099,0.017273295475963568,2.8437402989959537
-29.716166650181155,6.967912911247252,17.70296199279346,8.912137246480363,273.27748059104385,2.0,3.3956917257808032,0.49963096530087014,0.011794055841991002,1.6877473508188672
-22.027934505370922,4.101260094241434,8.814041987818783,17.715586794535785,304.2871440086299,1.0,1.3004938859274464,0.0010532756786894026,0.00011106825128087694,0.028126636182143727
-45.181408442009456,3.641368313492016,7.920301591183978,20.45478259206453,390.84982058570114,2.0,0.5802925587798903,0.14000332417627348,0.010561043473544918,1.8214181974867287
-19.678983615650424,4.585425114139744,2.257148918300791,32.65773914446832,27.921864710914893,3.0,3.599692506924134,0.0001305812813523488,2.163508794728042e-06,0.0016642985497696827
-38.733458954543636,5.6592908331479395,12.431525030954692,42.15134229731004,136.07753631729938,3.0,3.2754399477360328,0.5050648032292333,0.018134982077362194,2.927724896611899
-31.196560344032218,6.858467211808211,12.53952885082202,27.684980247896974,357.11874467457505,2.0,2.213213663883214,0.13244188022602899,0.006361783143395028,0.8539228678944255
-37.036643946817,7.2877294907740495,1.0729099067315824,23.17626420478519,219.1551697821777,4.0,0.9466743599851645,0.08215007239863503,0.005039995513518525,0.8630412660328446
